54.8279,-16.8593,-52.6655
55.7093,-17.3917,-54.5403
61.1745,-15.0847,-46.1888
57.4723,-17.7467,-56.5856
52.8886,-16.3269,-59.9943
52.8886,-16.3269,-59.9943
47.5998,-11.7128,-58.2899
46.8946,-10.648,-55.5629
48.1286,-12.2452,-55.0516
51.4783,-13.8424,-56.9264
51.4783,-13.8424,-56.9264
54.8279,-15.4396,-59.1421
60.293,-20.2312,-63.4031
70.8708,-22.3608,-73.2885
82.1537,-19.1664,-79.4243
99.4306,-14.1973,-82.1513
99.4306,-14.1973,-82.1513
104.896,-12.6001,-73.1181
107.54,-14.1973,-63.744
102.78,-15.4396,-56.756
101.546,-15.2621,-52.8359
98.5491,-16.5044,-49.9385
98.5491,-16.5044,-49.9385
94.4943,-17.3917,-47.3819
92.9077,-13.6649,-40.7348
90.2632,-5.67894,-33.7468
83.0351,1.95213,-25.7362
74.3967,6.74374,-25.5658
65.5819,7.45361,-24.5431
65.5819,7.45361,-24.5431
58.5301,0.354934,-32.3833
59.059,-17.9241,-49.5976
55.3568,-16.3269,-69.5389
50.7731,-9.58321,-74.9929
44.0738,-6.74374,-68.8571
44.0738,-6.74374,-68.8571
46.542,-8.16347,-54.5403
58.8827,-17.0368,-52.1542
69.1078,-22.7158,-68.1754
91.4973,-14.3748,-90.5028
115.65,2.83947,-81.4696
114.063,-7.98601,-62.5509
96.9625,-16.3269,-50.7906
78.804,-21.4735,-57.0969
80.2144,-20.7636,-75.8451
80.2144,-20.7636,-75.8451
97.3151,-3.90427,-96.4681
101.37,15.4396,-98.6838
87.6188,28.5722,-101.07
62.7612,27.6848,-97.8316
56.7671,17.7467,-98.1725
59.2353,-3.1944,-94.082
59.2353,-3.1944,-94.082
59.059,-14.0199,-83.6853
53.5938,-16.6819,-60.6761
58.7064,-13.31,-42.78
68.9315,-20.4087,-50.2793
82.6825,-24.313,-65.2779
82.6825,-24.313,-65.2779
99.4306,-19.5213,-63.4031
98.0202,-19.8763,-53.8585
91.1447,-18.9889,-48.2341
85.5033,-14.0199,-37.326
78.9803,-1.0648,-27.611
78.9803,-1.0648,-27.611
68.5789,11.1804,-24.7136
56.9434,9.76068,-29.145
56.7671,-4.61414,-38.5191
57.296,-21.4735,-64.2553
58.3538,-12.9551,-85.3896
58.3538,-12.9551,-85.3896
50.0679,-4.96907,-84.5375
39.3139,8.34094,-73.459
35.9643,6.3888,-58.2899
42.3109,-4.61414,-57.2673
66.4634,-17.2143,-84.367
66.4634,-17.2143,-84.367
96.9625,-15.2621,-84.5375
93.9654,-22.5383,-59.483
71.2233,-17.3917,-42.9505
54.4753,-9.05081,-41.7574
56.4145,-18.4565,-63.4031
56.4145,-18.4565,-63.4031
76.3359,-15.7945,-90.1619
86.561,0.5324,-101.411
87.0899,18.4565,-102.263
72.4574,22.5383,-102.774
55.0042,22.0059,-94.7638
55.0042,22.0059,-94.7638
43.1924,14.0199,-83.0035
47.4235,0.5324,-84.0261
66.1108,-12.2452,-89.1393
86.7373,-19.1664,-82.8331
85.1507,-24.313,-70.0502
85.1507,-24.313,-70.0502
75.6307,-26.7975,-65.9597
74.0441,-24.8454,-62.0396
71.9285,-24.8454,-57.2673
72.9863,-19.1664,-45.6775
71.3996,-9.40574,-35.2807
71.3996,-9.40574,-35.2807
68.5789,-1.5972,-28.4632
60.293,5.324,-29.6563
53.0649,3.37187,-35.2807
53.0649,-2.30707,-41.4165
54.299,-14.9072,-49.4271
55.3568,-18.1016,-65.7892
55.3568,-18.1016,-65.7892
52.3597,-13.31,-76.8677
47.7761,-7.27614,-78.2312
43.0161,-6.3888,-71.5841
44.779,-9.58321,-60.6761
46.3657,-10.1156,-59.1421
46.3657,-10.1156,-59.1421
47.4235,-12.9551,-66.3005
53.5938,-14.5523,-73.6294
58.5301,-14.9072,-79.4243
73.1626,-17.5692,-84.7079
86.0322,-12.7776,-89.6506
86.0322,-12.7776,-89.6506
99.9595,-16.8593,-80.2765
94.318,-19.6988,-61.8691
83.3877,-23.2482,-57.7786
66.4634,-20.4087,-53.0063
60.8219,-11.5353,-41.0757
57.6486,-1.24227,-32.2129
57.6486,-1.24227,-32.2129
50.4205,6.3888,-34.0877
46.8946,7.45361,-38.5191
40.0191,4.7916,-50.2793
38.0798,5.67894,-71.2433
49.3627,15.972,-91.0141
49.3627,15.972,-91.0141
52.1834,30.8792,-90.3324
47.4235,39.2202,-79.2539
43.1924,38.8652,-73.7998
40.9005,32.299,-74.9929
46.542,25.5552,-87.6053
46.542,25.5552,-87.6053
55.8856,15.4396,-96.9795
69.4604,1.41973,-100.559
75.6307,-18.9889,-84.367
57.6486,-19.6988,-68.3458
45.3079,-6.21134,-64.2553
45.3079,-6.21134,-64.2553
47.2472,-9.22828,-70.9024
60.9982,-15.972,-84.8783
83.0351,-10.1156,-95.6159
93.9654,9.76068,-101.752
92.5551,34.606,-98.6838
92.5551,34.606,-98.6838
80.567,50.933,-87.4349
74.573,55.902,-81.64
76.1596,51.1104,-89.3097
65.053,32.4764,-96.9795
48.8338,14.7297,-91.5254
48.8338,14.7297,-91.5254
40.7242,3.7268,-74.4816
45.4842,-4.96907,-55.222
59.7641,-13.31,-43.4618
73.8678,-14.7297,-39.0304
78.4515,-6.21134,-31.1902
78.4515,-6.21134,-31.1902
78.2752,9.93814,-24.884
68.4026,22.3608,-23.8614
45.6605,25.7327,-38.0078
35.0828,16.8593,-60.8465
44.2501,18.634,-88.7984
44.2501,18.634,-88.7984
62.2323,28.9271,-98.6838
68.05,44.3667,-92.3776
64.8767,53.595,-81.4696
57.6486,52.7076,-71.4137
52.1834,50.0456,-68.5162
52.1834,50.0456,-68.5162
53.4175,47.7386,-74.4816
58.3538,45.609,-86.4123
74.7493,39.7526,-97.1499
84.0929,23.958,-103.797
80.2144,6.21134,-102.433
63.8189,-10.2931,-89.6506
63.8189,-10.2931,-89.6506
53.7701,-11.8903,-76.186
49.0101,-10.648,-72.9476
46.3657,-9.40574,-69.0276
51.302,-14.3748,-64.5962
56.4145,-19.5213,-59.6534
56.4145,-19.5213,-59.6534
61.3508,-11.7128,-40.9052
69.1078,3.1944,-27.611
80.0381,20.5861,-23.1796
74.2204,47.7386,-31.872
56.7671,52.1752,-50.4498
56.7671,52.1752,-50.4498
42.8398,42.4146,-69.3684
50.4205,37.268,-89.3097
65.5819,46.1414,-90.3324
75.1018,59.2739,-75.6747
63.6426,58.3866,-61.8691
63.6426,58.3866,-61.8691
45.3079,45.609,-55.7334
39.3139,34.961,-67.3232
47.7761,27.5074,-89.821
67.6974,12.0677,-102.945
78.804,-3.01694,-98.6838
73.6915,-19.5213,-85.901
73.6915,-19.5213,-85.901
65.053,-23.2482,-70.7319
60.9982,-19.5213,-52.1542
66.9922,-13.8424,-40.9052
71.3996,-10.8255,-37.6669
74.9255,-0.177467,-28.4632
74.9255,-0.177467,-28.4632
76.8648,19.1664,-22.8387
73.6915,37.268,-27.611
61.7034,50.4006,-38.5191
46.7183,40.285,-50.6202
37.1983,26.0876,-63.5735
37.1983,26.0876,-63.5735
42.1346,27.1524,-81.64
42.1346,38.1554,-75.5042
43.0161,39.7526,-62.7213
40.7242,12.6001,-45.8479
61.1745,1.5972,-31.1902
61.1745,1.5972,-31.1902
78.2752,-11.0029,-35.4512
94.318,-20.0537,-55.7334
95.3758,-18.9889,-79.5947
93.4366,-7.45361,-94.7638
101.194,8.16347,-96.4681
101.194,8.16347,-96.4681
111.948,12.9551,-90.8437
121.82,5.8564,-69.0276
121.996,4.61414,-59.6534
118.647,6.56627,-50.2793
111.242,14.3748,-35.9625
111.242,14.3748,-35.9625
101.017,25.7327,-29.4858
90.4395,28.2172,-25.3953
79.5092,22.1834,-23.3501
69.1078,11.7128,-25.9066
66.1108,-9.05081,-35.6216
66.1108,-9.05081,-35.6216
65.5819,-13.4875,-41.587
61.7034,-5.67894,-36.8147
62.2323,5.14654,-30.8494
69.2841,15.7945,-24.7136
76.5122,27.3299,-23.8614
76.5122,27.3299,-23.8614
70.8708,39.0427,-26.5884
53.2412,33.0088,-35.1103
54.299,20.2312,-36.4738
36.8457,3.37187,-52.6655
35.0828,15.0847,-60.1648
35.0828,15.0847,-60.1648
37.022,25.2003,-53.1768
37.7272,23.0707,-49.0863
41.782,15.4396,-42.4392
41.782,15.4396,-42.4392
47.7761,-12.2452,-59.8239
57.4723,-19.5213,-66.1301
57.4723,-19.5213,-66.1301
63.8189,-19.5213,-54.1994
62.056,-10.648,-41.9278
58.5301,-15.6171,-51.8133
57.4723,-17.3917,-62.7213
58.8827,-18.1016,-72.9476
58.8827,-18.1016,-72.9476
63.9952,-17.2143,-80.6174
62.056,-13.4875,-86.2418
55.5331,-10.4705,-85.3896
49.3627,-5.324,-80.7878
47.2472,-5.324,-80.106
47.2472,-5.324,-80.106
47.7761,-6.9212,-77.5495
45.6605,-7.63107,-73.1181
44.2501,-6.56627,-66.9823
43.3687,-5.324,-63.4031
46.0131,-11.1804,-56.0742
46.0131,-11.1804,-56.0742
52.3597,-10.8255,-46.5297
64.3478,-10.4705,-38.6895
69.4604,-6.74374,-31.0198
71.3996,0.177467,-29.4858
63.4663,3.54934,-28.2928
54.8279,6.9212,-35.2807
54.8279,6.9212,-35.2807
36.8457,6.21134,-53.0063
36.8457,12.2452,-62.5509
38.4324,19.1664,-56.2447
40.3716,28.2172,-47.2114
41.9583,27.3299,-41.2461
41.9583,27.3299,-41.2461
43.7213,22.3608,-38.1782
45.3079,5.50147,-42.4392
45.6605,-7.27614,-58.8013
49.8916,-11.8903,-68.3458
50.9494,-13.31,-68.3458
50.9494,-13.31,-68.3458
48.1286,-11.1804,-61.1874
46.3657,-9.05081,-54.7107
48.3049,-9.22828,-46.0184
55.8856,-1.95213,-34.9399
55.8856,-1.95213,-34.9399
59.2353,6.74374,-29.3154
58.3538,13.6649,-27.7815
48.8338,10.4705,-36.3034
36.8457,13.31,-51.302
35.0828,21.4735,-59.1421
35.0828,21.4735,-59.1421
39.1376,28.0398,-50.1089
41.6057,24.4904,-43.2914
40.9005,19.1664,-42.9505
39.3139,5.14654,-52.3246
42.6635,-4.96907,-65.7892
50.9494,-12.9551,-74.1407
50.9494,-12.9551,-74.1407
55.5331,-17.2143,-71.0728
53.4175,-16.5044,-59.8239
51.8308,-10.648,-47.7228
52.0071,-2.30707,-40.7348
49.0101,2.1296,-38.5191
49.0101,2.1296,-38.5191
45.6605,2.662,-41.4165
41.2531,2.48454,-59.6534
40.7242,3.01694,-68.0049
40.7242,4.08174,-73.1181
43.7213,2.48454,-77.0382
43.7213,2.48454,-77.0382
40.9005,4.2592,-75.3338
37.9035,7.63107,-72.4363
36.3169,13.1325,-70.9024
36.3169,15.6171,-68.5162
35.4354,16.8593,-66.3005
35.4354,16.8593,-66.3005
34.9065,15.6171,-65.1075
36.6694,13.1325,-58.2899
40.9005,7.80854,-48.0636
47.7761,8.69587,-36.9851
53.4175,9.05081,-32.5537
56.9434,6.9212,-28.8041
56.9434,6.9212,-28.8041
61.8797,-3.01694,-33.2355
61.1745,-14.3748,-45.5071
66.2871,-19.5213,-50.1089
69.813,-17.7467,-46.0184
65.5819,-12.4227,-41.2461
65.5819,-12.4227,-41.2461
57.1197,-10.2931,-46.7001
57.1197,-10.2931,-46.7001
50.0679,-9.22828,-55.5629
51.1257,-14.1973,-64.7666
55.7093,-16.3269,-72.2659
55.7093,-16.3269,-72.2659
58.8827,-15.972,-78.7425
52.7123,-12.9551,-78.913
47.4235,-8.69587,-75.5042
43.8976,-4.43667,-72.4363
42.8398,-5.8564,-70.7319
42.8398,-5.8564,-70.7319
45.6605,-7.63107,-66.6414
44.6027,-6.56627,-61.8691
46.0131,-5.50147,-51.6428
50.9494,-8.69587,-45.5071
64.1715,-13.1325,-40.5643
80.567,-13.31,-40.053
80.567,-13.31,-40.053
90.087,-0.5324,-29.145
75.9833,12.6001,-23.3501
49.539,16.8593,-38.0078
34.7302,13.31,-64.937
37.022,28.0398,-73.6294
37.022,28.0398,-73.6294
48.3049,45.7864,-53.5177
47.2472,35.4934,-36.1329
51.1257,14.5523,-31.7015
43.3687,-1.77467,-49.4271
43.3687,-1.77467,-49.4271
41.782,2.30707,-76.5268
52.7123,7.63107,-91.8663
66.9922,6.74374,-99.8769
85.327,-4.2592,-98.1725
90.087,-22.5383,-76.186
90.087,-22.5383,-76.186
86.9136,-23.6031,-61.8691
87.0899,-18.8115,-46.0184
90.2632,-13.1325,-37.4964
90.9684,-5.324,-31.7015
90.2632,11.0029,-24.5431
90.2632,11.0029,-24.5431
68.7552,27.3299,-25.2249
50.5968,26.7975,-39.0304
38.0798,23.4256,-56.9264
39.8428,35.8483,-68.8571
45.8368,41.8822,-66.471
41.2531,35.4934,-50.7906
41.2531,35.4934,-50.7906
47.9523,13.1325,-33.7468
50.4205,-7.80854,-49.0863
47.5998,-4.2592,-84.5375
75.807,-3.90427,-98.1725
75.807,-3.90427,-98.1725
86.561,-10.8255,-93.9116
93.9654,-16.8593,-84.0261
93.6129,-20.0537,-53.0063
79.3329,-17.0368,-41.2461
66.1108,-20.0537,-50.9611
66.1108,-20.0537,-50.9611
60.8219,-16.8593,-52.3246
60.9982,-8.87334,-37.8373
52.0071,3.01694,-35.6216
39.1376,12.0677,-49.768
36.4931,14.7297,-63.5735
36.4931,14.7297,-63.5735
34.9065,11.7128,-58.9717
44.2501,18.2791,-42.78
57.4723,28.0398,-31.3607
74.9255,22.5383,-23.0092
77.57,-2.48454,-29.6563
64.5241,-19.5213,-51.4724
64.5241,-19.5213,-51.4724
66.9922,-23.7806,-57.9491
77.0411,-17.5692,-42.4392
60.4693,-11.8903,-39.0304
51.4783,-12.4227,-58.9717
48.3049,-4.96907,-78.0608
48.3049,-4.96907,-78.0608
57.4723,3.54934,-94.4229
62.5849,15.4396,-98.6838
66.1108,22.1834,-100.388
66.9922,31.944,-98.5134
62.9375,42.0596,-90.8437
62.9375,42.0596,-90.8437
58.8827,51.1104,-79.7652
52.7123,50.933,-63.9144
53.9464,52.8851,-66.471
55.3568,53.9499,-65.4483
54.8279,52.3527,-70.0502
54.8279,52.3527,-70.0502
46.0131,40.9948,-76.5268
40.0191,21.1186,-75.1633
36.4931,7.63107,-69.7093
35.6117,1.41973,-59.3126
45.4842,5.67894,-42.6096
45.4842,5.67894,-42.6096
51.6546,18.2791,-36.9851
62.5849,20.7636,-27.0997
82.5062,20.9411,-22.4979
98.7254,12.0677,-27.611
103.485,-3.37187,-40.3939
103.485,-3.37187,-40.3939
99.078,-14.9072,-48.7454
100.136,-17.3917,-51.8133
100.841,-12.7776,-47.041
97.8439,-12.6001,-42.78
85.327,-16.3269,-45.6775
85.327,-16.3269,-45.6775
81.8011,-19.1664,-54.8812
81.0959,-21.651,-64.0848
74.9255,-20.4087,-77.2086
68.5789,-10.8255,-92.2072
68.5789,-10.8255,-92.2072
68.5789,-10.8255,-92.2072
49.1864,16.5044,-92.8889
41.782,21.4735,-79.9356
37.9035,27.5074,-59.8239
38.2561,27.8623,-54.3699
39.4902,27.6848,-69.198
43.7213,14.1973,-81.4696
43.7213,14.1973,-81.4696
43.545,-0.5324,-75.8451
41.0768,-6.21134,-63.2326
44.2501,-5.8564,-52.3246
56.4145,-9.93814,-41.2461
71.047,-19.3439,-47.2114
71.047,-19.3439,-47.2114
73.3389,-22.3608,-53.1768
78.0989,-20.4087,-50.2793
80.9196,-12.6001,-36.6443
84.7981,-6.21134,-28.8041
84.7981,3.7268,-25.7362
84.7981,3.7268,-25.7362
73.5152,18.2791,-23.3501
62.056,23.0707,-30.338
62.056,23.0707,-30.338
35.6117,14.9072,-59.6534
39.3139,23.6031,-79.5947
39.3139,23.6031,-79.5947
42.3109,32.6539,-77.7199
40.0191,34.2511,-68.6867
39.8428,32.6539,-53.8585
44.0738,25.5552,-42.2687
42.8398,14.3748,-42.4392
40.3716,4.7916,-49.2567
40.3716,4.7916,-49.2567
41.4294,-1.95213,-63.9144
42.8398,-1.5972,-74.4816
54.6516,-5.324,-89.3097
71.047,-6.21134,-95.9568
88.8529,-8.87334,-94.082
88.8529,-8.87334,-94.082
106.835,-9.58321,-82.8331
108.598,-9.58321,-62.7213
107.188,-12.0677,-54.5403
102.78,-14.0199,-51.9837
94.4943,-18.4565,-51.1315
94.4943,-18.4565,-51.1315
83.9166,-17.3917,-44.6549
77.2174,-12.4227,-35.7921
75.2781,-1.24227,-29.8267
66.816,3.01694,-28.8041
39.6665,-0.887334,-55.0516
39.4902,1.77467,-68.8571
42.3109,-1.77467,-71.5841
39.8428,-4.61414,-65.4483
40.0191,-4.7916,-60.5056
40.0191,-4.7916,-60.5056
41.782,-4.7916,-54.029
49.7153,2.1296,-46.0184
54.8279,8.69587,-33.9172
59.7641,10.4705,-27.4406
62.7612,7.45361,-27.2701
62.7612,7.45361,-27.2701
64.3478,-5.14654,-32.2129
61.5271,-16.8593,-50.6202
71.5759,-22.7158,-64.0848
88.8529,-21.296,-68.5162
88.5003,-20.2312,-50.4498
88.5003,-20.2312,-50.4498
78.9803,-15.972,-37.8373
64.7004,-14.3748,-40.3939
62.7612,-19.5213,-52.8359
62.056,-18.4565,-69.8797
64.3478,-14.0199,-81.64
64.3478,-14.0199,-81.64
74.573,-7.27614,-95.6159
77.7463,6.9212,-102.433
65.4056,30.3468,-99.3656
55.7093,42.947,-83.5148
50.2442,48.0935,-67.664
50.2442,48.0935,-67.664
52.0071,48.4484,-55.3925
54.1227,53.0626,-58.1195
52.1834,50.4006,-71.2433
47.2472,32.299,-85.5601
45.6605,8.34094,-83.3444
47.9523,-11.3579,-67.4936
47.9523,-11.3579,-67.4936
58.0012,-17.9241,-53.3472
70.1656,-20.5861,-49.4271
80.2144,-21.1186,-48.9158
87.0899,-15.972,-44.314
87.6188,-5.8564,-31.5311
87.6188,-5.8564,-31.5311
85.327,6.3888,-24.884
76.1596,17.0368,-23.8614
62.9375,19.3439,-25.3953
52.536,14.1973,-38.86
52.3597,-7.27614,-52.6655
52.3597,-7.27614,-52.6655
47.4235,-3.01694,-81.64
50.7731,18.4565,-93.7411
53.5938,37.268,-88.2871
50.5968,45.609,-77.2086
45.6605,44.5442,-60.5056
45.6605,44.5442,-60.5056
43.7213,36.5582,-46.7001
48.6575,29.1046,-34.7694
48.6575,28.7496,-34.0877
41.2531,24.8454,-44.6549
35.0828,21.8284,-63.5735
38.785,16.6819,-78.0608
38.785,16.6819,-78.0608
49.0101,9.22828,-88.9688
61.7034,0.354934,-94.7638
71.7522,-10.1156,-93.5707
80.2144,-18.2791,-83.0035
86.9136,-23.958,-71.0728
86.9136,-23.958,-71.0728
96.4336,-18.2791,-57.7786
99.078,-18.4565,-56.5856
99.2543,-18.634,-57.4377
90.9684,-22.0059,-57.2673
94.4943,-18.1016,-47.3819
94.4943,-18.1016,-47.3819
102.075,-5.8564,-36.3034
104.543,11.5353,-30.8494
99.078,26.62,-26.2475
78.0989,26.7975,-24.0318
78.0989,26.7975,-24.0318
64.1715,14.1973,-32.0424
61.8797,-9.76068,-39.0304
47.4235,-13.6649,-63.9144
38.4324,2.48454,-68.5162
35.4354,12.6001,-61.1874
35.4354,12.6001,-61.1874
39.6665,18.2791,-45.8479
49.0101,12.0677,-35.1103
61.1745,0.887334,-30.1676
66.816,-14.3748,-41.7574
67.3448,-21.296,-56.2447
68.2263,-22.8932,-70.0502
68.2263,-22.8932,-70.0502
74.2204,-15.4396,-89.4802
84.9744,-8.87334,-95.7864
106.659,-4.08174,-86.4123
110.537,-6.9212,-74.8225
110.89,-9.40574,-61.1874
110.89,-9.40574,-61.1874
108.245,-8.87334,-52.8359
109.303,-7.80854,-49.768
107.54,-11.3579,-49.768
104.719,-11.0029,-48.0636
102.251,-5.67894,-37.8373
102.251,-5.67894,-37.8373
94.1417,0.709867,-30.338
87.2662,-5.8564,-32.2129
72.9863,-17.0368,-45.3366
62.2323,-19.3439,-51.6428
61.5271,-13.6649,-45.5071
61.5271,-13.6649,-45.5071
64.5241,-3.54934,-38.86
60.9982,8.87334,-35.4512
60.8219,10.8255,-27.4406
70.3419,9.05081,-25.0544
82.1537,7.45361,-23.5205
91.8499,5.14654,-26.7588
91.8499,5.14654,-26.7588
101.194,-8.51841,-41.2461
104.191,-12.6001,-52.6655
96.7862,-13.31,-44.1435
82.1537,-12.4227,-38.1782
71.2233,-15.6171,-38.5191
71.2233,-15.6171,-38.5191
76.6885,-18.2791,-46.5297
79.8618,-20.0537,-56.756
82.6825,-20.4087,-74.1407
78.9803,-14.9072,-90.6732
68.2263,-5.14654,-94.9342
68.2263,-5.14654,-94.9342
56.4145,-1.77467,-91.6959
44.9553,0.177467,-80.9582
41.4294,2.30707,-73.459
42.8398,-1.95213,-71.7546
50.0679,-10.648,-75.3338
50.0679,-10.648,-75.3338
58.0012,-16.5044,-76.186
63.1138,-19.5213,-69.5389
61.7034,-22.3608,-57.9491
60.4693,-18.634,-51.302
59.5878,-17.7467,-50.4498
69.4604,-17.0368,-44.6549
69.4604,-17.0368,-44.6549
81.4485,-17.7467,-42.6096
81.4485,-9.58321,-33.0651
86.9136,-2.662,-30.5085
77.3937,3.37187,-27.4406
77.3937,3.37187,-27.4406
59.4115,6.56627,-33.5764
46.542,-4.2592,-54.8812
40.9005,-6.03387,-67.4936
38.785,7.09867,-74.9929
35.9643,21.651,-69.198
35.9643,21.651,-69.198
37.022,21.651,-57.2673
41.4294,16.5044,-44.1435
43.3687,6.03387,-41.9278
41.782,2.662,-50.6202
39.3139,-0.177467,-64.5962
39.3139,-0.177467,-64.5962
44.0738,-1.0648,-78.7425
57.296,-0.5324,-92.8889
77.2174,-4.96907,-97.4908
100.136,-14.1973,-84.5375
100.312,-17.2143,-72.4363
100.312,-17.2143,-72.4363
94.4943,-20.5861,-70.2206
90.9684,-21.296,-71.5841
81.0959,-22.0059,-74.3111
71.3996,-24.313,-72.0954
65.2293,-22.7158,-60.3352
56.5908,-19.3439,-56.756
56.5908,-19.3439,-56.756
50.2442,-13.6649,-53.6881
40.7242,-2.662,-59.8239
37.022,8.16347,-74.3111
38.4324,3.90427,-75.6747
41.0768,-4.7916,-69.0276
41.0768,-4.7916,-69.0276
46.8946,-11.3579,-59.9943
50.2442,-5.50147,-50.6202
49.0101,-0.354934,-44.314
56.9434,0.887334,-33.9172
67.6974,-0.709867,-27.9519
67.6974,-0.709867,-27.9519
61.5271,-10.8255,-41.0757
62.5849,-20.0537,-57.0969
75.2781,-25.3778,-59.1421
81.0959,-22.7158,-55.9038
78.0989,-24.313,-55.7334
78.0989,-24.313,-55.7334
74.0441,-22.3608,-62.0396
74.0441,-20.9411,-73.9703
76.1596,-18.1016,-84.5375
73.8678,-4.08174,-99.7065
65.5819,5.324,-99.536
50.2442,12.2452,-92.2072
50.2442,12.2452,-92.2072
39.3139,19.3439,-78.913
35.4354,24.6679,-67.664
37.3746,21.296,-72.9476
41.4294,17.5692,-79.5947
42.6635,7.80854,-78.7425
42.6635,7.80854,-78.7425
38.785,-2.1296,-62.0396
41.6057,-1.77467,-50.4498
49.8916,4.43667,-40.053
54.4753,4.7916,-32.8946
54.4753,4.7916,-32.8946
77.7463,3.37187,-25.7362
89.3818,-10.1156,-34.9399
90.6158,-14.5523,-44.9957
96.081,-8.34094,-36.3034
90.7921,-5.14654,-30.8494
90.7921,-5.14654,-30.8494
72.1048,-14.0199,-40.7348
73.1626,-20.7636,-54.029
68.05,-20.2312,-67.8345
62.2323,-15.4396,-83.3444
62.9375,-1.95213,-96.2977
62.9375,-1.95213,-96.2977
59.059,18.9889,-99.3656
52.3597,32.4764,-89.821
51.1257,42.2371,-81.4696
52.1834,48.6259,-71.2433
58.3538,55.5471,-63.2326
58.3538,55.5471,-63.2326
60.4693,56.257,-67.3232
55.5331,52.3527,-75.1633
41.9583,40.8174,-72.2659
34.5539,26.975,-68.1754
40.7242,22.8932,-53.3472
40.7242,22.8932,-53.3472
46.1894,18.8115,-38.5191
52.536,15.2621,-32.0424
58.3538,-1.24227,-31.5311
55.7093,-13.1325,-47.7228
57.8249,-18.8115,-63.0622
57.8249,-18.8115,-63.0622
66.9922,-22.3608,-57.9491
64.1715,-19.8763,-49.4271
50.9494,-12.9551,-52.6655
50.5968,-12.6001,-53.6881
51.302,-12.6001,-64.937
50.0679,-7.45361,-76.3564
50.0679,-7.45361,-76.3564
54.8279,3.37187,-93.2298
59.4115,20.7636,-96.6386
60.9982,37.268,-93.4002
59.2353,50.0456,-80.106
58.5301,55.3696,-67.4936
58.5301,55.3696,-67.4936
65.4056,59.8063,-60.5056
69.6367,60.5162,-65.6188
65.5819,58.919,-67.4936
52.1834,52.5302,-64.0848
45.8368,45.0766,-50.7906
45.8368,45.0766,-50.7906
52.0071,37.8004,-39.7122
56.5908,30.7018,-29.8267
52.8886,16.3269,-31.3607
36.3169,8.51841,-54.5403
38.4324,8.16347,-76.0155
38.4324,8.16347,-76.0155
39.3139,7.63107,-78.2312
39.1376,4.2592,-72.6068
37.7272,5.324,-68.5162
39.4902,4.61414,-72.6068
45.8368,8.51841,-76.6973
48.6575,10.2931,-86.5827
48.6575,10.2931,-86.5827
58.5301,17.3917,-97.4908
67.3448,24.1355,-101.581
71.047,32.8314,-98.0021
73.8678,44.8991,-93.5707
75.6307,53.4175,-85.0488
75.6307,53.4175,-85.0488
78.0989,61.581,-65.9597
82.8588,61.7584,-56.9264
82.6825,61.9359,-61.8691
79.1566,61.9359,-65.9597
68.9315,61.9359,-65.2779
68.9315,61.9359,-65.2779
60.1167,57.3218,-56.0742
62.7612,49.3358,-41.2461
65.9345,37.9779,-29.9972
59.9404,20.2312,-27.2701
46.542,12.0677,-37.8373
46.542,12.0677,-37.8373
36.6694,14.5523,-61.3578
38.2561,15.0847,-71.4137
37.9035,11.8903,-66.9823
37.3746,11.3579,-60.6761
35.2591,14.1973,-58.9717
35.2591,14.1973,-58.9717
38.785,20.2312,-69.198
42.1346,22.5383,-77.2086
50.5968,24.6679,-90.8437
62.7612,27.6848,-98.8543
75.2781,37.0906,-98.6838
75.2781,37.0906,-98.6838
81.2722,43.1244,-96.2977
80.2144,50.578,-89.4802
83.7403,59.4514,-77.2086
78.4515,62.6458,-64.2553
79.5092,62.2909,-63.2326
79.5092,62.2909,-63.2326
78.2752,59.9838,-67.1527
72.1048,60.5162,-68.6867
63.4663,59.2739,-61.0169
60.293,54.6598,-52.1542
62.9375,45.9639,-40.3939
62.9375,45.9639,-40.3939
59.4115,38.8652,-32.8946
52.7123,32.1215,-32.5537
38.2561,25.7327,-50.2793
37.7272,29.8144,-75.6747
40.1953,25.5552,-77.0382
40.1953,25.5552,-77.0382
35.9643,22.3608,-71.5841
35.6117,20.5861,-69.198
37.7272,28.3947,-68.1754
43.0161,33.7187,-80.4469
56.4145,29.1046,-94.7638
71.047,36.0258,-98.343
71.047,36.0258,-98.343
87.6188,42.7695,-94.5933
92.0262,54.6598,-82.4922
81.2722,61.226,-63.9144
71.5759,52.8851,-39.8826
66.6397,44.3667,-33.7468
66.6397,44.3667,-33.7468
59.9404,46.4963,-37.4964
62.056,55.3696,-45.3366
71.5759,60.6936,-57.6082
76.8648,58.564,-74.9929
78.804,51.2879,-89.1393
78.804,51.2879,-89.1393
74.0441,35.4934,-97.1499
59.9404,17.0368,-96.4681
45.1316,4.61414,-80.4469
39.4902,4.61414,-70.5615
42.6635,1.0648,-62.3805
42.6635,1.0648,-62.3805
43.1924,-4.7916,-60.1648
48.1286,-10.4705,-59.483
45.6605,-8.69587,-64.5962
38.4324,4.96907,-57.6082
37.1983,9.05081,-57.0969
37.1983,9.05081,-57.0969
36.6694,13.1325,-66.1301
38.2561,9.76068,-69.3684
36.3169,10.2931,-62.7213
37.7272,15.972,-51.4724
43.1924,17.2143,-42.78
43.1924,17.2143,-42.78
40.9005,14.9072,-41.587
50.5968,9.40574,-33.5764
63.29,18.634,-23.3501
56.2382,42.4146,-35.6216
48.6575,48.6259,-50.7906
48.6575,48.6259,-50.7906
52.536,47.916,-43.2914
60.8219,40.6399,-30.8494
68.7552,28.3947,-21.4752
66.2871,15.972,-25.2249
54.6516,6.3888,-33.4059
54.6516,6.3888,-33.4059
44.4264,7.80854,-41.2461
40.9005,18.1016,-45.3366
43.3687,28.3947,-43.2914
47.2472,40.8174,-45.3366
47.2472,40.8174,-45.3366
50.0679,37.9779,-38.5191
60.293,25.5552,-27.611
76.1596,15.2621,-22.8387
84.2692,12.0677,-23.5205
90.6158,26.62,-25.5658
88.1477,46.1414,-31.0198
88.1477,46.1414,-31.0198
59.4115,49.5132,-40.7348
59.059,58.3866,-71.0728
78.9803,60.6936,-77.7199
85.327,63.5331,-67.4936
87.0899,62.8232,-56.2447
87.0899,62.8232,-56.2447
78.804,61.226,-46.5297
68.05,58.919,-46.3592
65.053,60.5162,-55.3925
70.6945,56.6119,-77.5495
75.6307,37.4455,-98.343
75.6307,37.4455,-98.343
62.9375,6.21134,-98.343
42.6635,-2.83947,-69.8797
38.6087,8.34094,-56.756
37.7272,8.16347,-67.1527
47.0709,0.887334,-81.9809
47.0709,0.887334,-81.9809
63.29,-5.8564,-91.1845
81.0959,-8.51841,-95.7864
91.1447,-2.30707,-97.6612
91.1447,7.27614,-101.07
96.081,22.5383,-100.047
94.1417,37.9779,-96.1273
94.1417,37.9779,-96.1273
89.3818,53.7724,-84.0261
86.561,56.257,-81.9809
85.5033,47.7386,-90.1619
81.9774,33.5412,-99.0247
64.8767,13.4875,-100.218
64.8767,13.4875,-100.218
49.7153,5.324,-85.901
49.7153,5.324,-85.901
40.5479,1.41973,-66.1301
39.3139,-0.5324,-62.5509
41.782,0.177467,-54.029
41.782,0.177467,-54.029
52.536,3.90427,-36.8147
68.05,19.1664,-23.8614
67.3448,42.947,-29.3154
56.4145,48.271,-44.6549
37.1983,37.0906,-56.4151
37.1983,37.0906,-56.4151
50.4205,47.5611,-80.7878
68.2263,57.3218,-76.186
79.3329,63.1782,-57.6082
75.6307,59.0964,-46.5297
62.7612,51.8203,-38.86
45.6605,40.9948,-43.4618
45.6605,40.9948,-43.4618
43.0161,39.0427,-68.1754
49.0101,36.5582,-85.5601
47.4235,22.1834,-88.1167
38.0798,7.80854,-71.5841
38.0798,7.80854,-71.5841
38.9613,10.4705,-53.0063
38.0798,13.1325,-64.0848
44.4264,4.96907,-80.4469
57.6486,2.30707,-93.9116
70.1656,5.67894,-100.559
70.1656,5.67894,-100.559
83.2114,19.1664,-103.627
89.9107,35.4934,-98.8543
87.7951,49.6907,-89.9915
83.564,54.3048,-84.1966
74.7493,50.7555,-86.2418
74.7493,50.7555,-86.2418
68.5789,44.8991,-90.1619
61.7034,37.9779,-93.4002
46.0131,18.9889,-84.7079
40.3716,6.9212,-71.0728
38.4324,8.51841,-64.0848
38.4324,8.51841,-64.0848
38.785,10.648,-66.471
37.5509,16.5044,-68.0049
35.4354,16.5044,-64.937
37.1983,12.2452,-55.7334
38.4324,6.74374,-53.1768
43.8976,1.24227,-45.8479
43.8976,1.24227,-45.8479
42.8398,10.4705,-39.7122
45.4842,19.1664,-37.1556
43.545,31.0567,-45.5071
40.5479,41.1723,-54.5403
37.3746,42.2371,-59.6534
37.3746,42.2371,-59.6534
40.1953,34.7835,-52.8359
43.7213,32.6539,-44.314
43.7213,32.6539,-44.314
58.5301,12.0677,-28.2928
71.9285,19.1664,-23.5205
71.9285,19.1664,-23.5205
73.8678,34.606,-26.418
62.056,36.5582,-33.4059
34.5539,37.268,-58.6308
47.5998,48.271,-73.2885
62.7612,58.564,-65.4483
62.7612,58.564,-65.4483
71.7522,61.226,-53.6881
68.5789,57.6767,-44.1435
57.296,51.9978,-42.0983
47.7761,48.0935,-50.6202
46.542,40.4624,-77.0382
50.5968,21.8284,-92.2072
50.5968,21.8284,-92.2072
50.4205,-2.48454,-84.1966
47.7761,-8.69587,-66.6414
47.2472,0.354934,-43.9731
42.6635,3.90427,-44.6549
43.0161,-1.77467,-55.5629
43.0161,-1.77467,-55.5629
49.7153,-8.51841,-76.3564
65.5819,-3.1944,-94.4229
78.2752,6.3888,-101.922
81.8011,20.2312,-103.967
79.6855,37.9779,-96.1273
79.6855,37.9779,-96.1273
74.3967,51.8203,-88.9688
73.6915,55.3696,-82.1513
65.2293,50.7555,-84.1966
55.0042,39.0427,-88.2871
49.3627,33.3638,-81.8104
49.3627,33.3638,-81.8104
46.7183,42.7695,-76.5268
41.0768,42.0596,-59.483
38.9613,38.8652,-64.2553
36.6694,27.3299,-67.1527
36.6694,19.1664,-57.2673
36.6694,19.1664,-57.2673
44.779,13.1325,-39.5417
55.8856,17.5692,-28.1223
68.05,26.975,-24.2023
64.3478,41.7047,-31.1902
68.7552,18.8115,-25.9066
68.7552,18.8115,-25.9066
61.1745,33.5412,-29.145
59.059,43.1244,-32.5537
62.5849,57.3218,-44.4844
56.2382,57.3218,-62.5509
51.8308,51.1104,-71.925
51.8308,51.1104,-71.925
48.3049,50.0456,-67.8345
47.4235,47.7386,-68.6867
46.3657,45.254,-75.5042
50.7731,34.0736,-89.6506
63.4663,41.1723,-92.0367
63.4663,41.1723,-92.0367
70.8708,56.4344,-78.7425
79.1566,63.3557,-61.1874
82.5062,60.6936,-47.3819
81.4485,53.595,-36.4738
75.6307,45.609,-28.8041
75.6307,45.609,-28.8041
55.3568,41.5272,-32.3833
49.539,45.254,-42.0983
45.4842,44.0118,-44.314
45.8368,39.3976,-41.2461
51.302,52.7076,-51.6428
62.056,60.6936,-68.5162
62.056,60.6936,-68.5162
71.3996,63.3557,-68.0049
76.8648,62.1134,-51.8133
71.5759,56.4344,-43.6322
59.059,51.9978,-39.3713
48.6575,47.2062,-48.4045
48.6575,47.2062,-48.4045
39.4902,36.9131,-64.0848
37.9035,21.1186,-76.186
42.4872,14.3748,-82.6626
57.4723,-2.83947,-89.6506
52.7123,-12.9551,-74.1407
52.7123,-12.9551,-74.1407
47.9523,-3.1944,-46.3592
50.4205,1.0648,-40.2235
53.5938,-3.1944,-36.1329
66.816,-3.7268,-30.8494
75.1018,13.1325,-21.4752
75.1018,13.1325,-21.4752
76.1596,20.5861,-21.4752
76.1596,20.5861,-21.4752
54.8279,14.3748,-31.5311
67.1685,23.6031,-30.8494
63.8189,38.6878,-38.5191
66.6397,51.8203,-39.8826
66.6397,51.8203,-39.8826
76.5122,53.595,-37.1556
91.4973,42.0596,-27.4406
87.6188,22.5383,-22.6683
80.2144,16.8593,-23.6909
77.7463,21.8284,-21.3048
77.7463,21.8284,-21.3048
59.4115,28.9271,-27.0997
46.542,24.4904,-35.4512
38.0798,11.0029,-53.8585
38.9613,6.21134,-67.3232
46.542,-2.1296,-77.379
46.542,-2.1296,-77.379
56.2382,-6.56627,-85.3896
59.059,-3.01694,-92.8889
60.8219,5.14654,-96.2977
58.8827,15.972,-98.5134
54.4753,32.1215,-92.8889
54.4753,32.1215,-92.8889
53.0649,43.1244,-84.367
55.1805,44.1892,-84.7079
51.4783,36.5582,-87.2645
42.3109,26.975,-79.7652
42.3109,26.975,-79.7652
34.9065,19.8763,-62.0396
39.4902,22.7158,-44.9957
52.8886,8.51841,-33.4059
48.8338,7.98601,-34.2581
58.3538,-1.95213,-33.5764
63.8189,7.09867,-26.5884
63.8189,7.09867,-26.5884
73.1626,19.6988,-23.0092
80.7433,34.0736,-23.8614
80.0381,44.0118,-27.9519
69.2841,48.4484,-35.9625
42.6635,29.4595,-41.587
42.6635,29.4595,-41.587
37.3746,35.1384,-58.6308
43.1924,41.7047,-53.6881
44.779,44.7216,-49.0863
47.7761,43.1244,-44.1435
51.4783,25.9102,-31.3607
51.4783,25.9102,-31.3607
49.8916,9.40574,-33.2355
45.1316,1.41973,-42.2687
46.0131,-6.9212,-50.6202
50.0679,-12.7776,-64.0848
57.296,-14.3748,-75.5042
57.296,-14.3748,-75.5042
67.1685,-15.0847,-85.0488
81.2722,-18.634,-81.64
85.5033,-22.5383,-66.3005
82.3299,-21.1186,-53.6881
76.6885,-19.3439,-48.5749
70.5182,-17.7467,-49.0863
70.5182,-17.7467,-49.0863
63.29,-18.634,-53.6881
48.6575,-10.2931,-52.8359
46.1894,-2.48454,-46.3592
43.7213,0.709867,-48.4045
42.4872,-3.01694,-50.9611
42.4872,-3.01694,-50.9611
47.0709,-9.40574,-52.3246
47.7761,-6.56627,-47.2114
51.302,-3.37187,-41.7574
57.8249,-4.61414,-34.4286
67.8737,0.887334,-27.0997
67.8737,0.887334,-27.0997
78.9803,6.03387,-23.5205
84.9744,15.6171,-23.1796
78.9803,19.5213,-22.157
63.29,2.30707,-28.8041
55.0042,7.09867,-34.0877
83.2114,7.09867,-34.0877
38.0798,5.324,-48.0636
34.025,25.7327,-63.2326
38.785,36.5582,-57.2673
40.9005,37.268,-48.4045
42.3109,30.8792,-41.587
45.4842,28.7496,-37.4964
45.4842,28.7496,-37.4964
44.779,23.4256,-36.4738
43.8976,21.8284,-37.326
44.779,21.651,-37.1556
43.8976,21.4735,-37.326
46.0131,23.2482,-37.6669
46.0131,23.2482,-37.6669
47.0709,16.8593,-33.5764
48.3049,7.80854,-34.4286
47.5998,5.67894,-36.8147
46.8946,3.1944,-39.5417
47.0709,-0.5324,-43.1209
47.0709,-0.5324,-43.1209
41.782,-2.662,-52.3246
42.6635,-3.1944,-59.6534
45.4842,-8.16347,-62.3805
44.4264,-7.09867,-62.7213
44.4264,-7.09867,-62.7213
44.4264,-6.3888,-63.4031
44.9553,-5.14654,-64.937
49.0101,-8.51841,-64.0848
49.7153,-10.648,-54.1994
45.6605,-6.56627,-47.8932
45.6605,-6.56627,-47.8932
48.3049,-4.96907,-45.3366
46.8946,-6.03387,-48.4045
44.2501,-4.43667,-53.3472
40.1953,0.354934,-53.1768
46.7183,7.63107,-36.3034
49.7153,5.67894,-35.4512
49.7153,5.67894,-35.4512
43.3687,-1.77467,-48.7454
41.6057,-2.48454,-54.5403
43.0161,-1.77467,-50.4498
45.8368,3.54934,-42.2687
47.0709,6.9212,-39.0304
47.0709,6.9212,-39.0304
46.542,4.96907,-39.5417
49.7153,3.90427,-37.4964
51.8308,8.16347,-32.3833
51.8308,8.16347,-32.3833
46.0131,1.95213,-42.0983
46.0131,1.95213,-42.0983
45.6605,0.887334,-44.4844
47.5998,4.2592,-40.5643
48.1286,3.01694,-39.0304
49.7153,6.3888,-35.7921
50.7731,9.22828,-33.7468
50.7731,9.22828,-33.7468
49.1864,6.56627,-36.3034
46.7183,-0.177467,-44.8253
47.5998,-2.83947,-44.9957
48.1286,2.662,-40.3939
48.4812,5.14654,-39.3713
52.7123,6.56627,-32.8946
52.7123,6.56627,-32.8946
54.299,8.16347,-31.0198
54.4753,8.69587,-31.872
53.5938,9.58321,-34.0877
54.1227,19.6988,-31.5311
58.5301,25.2003,-26.9293
58.5301,25.2003,-26.9293
66.2871,24.1355,-22.8387
75.2781,13.6649,-22.3274
71.5759,-5.67894,-32.3833
64.8767,-13.1325,-41.9278
60.9982,-18.8115,-54.8812
60.9982,-18.8115,-54.8812
66.1108,-19.6988,-53.6881
63.6426,-17.9241,-50.6202
65.9345,-19.5213,-54.8812
67.1685,-20.0537,-64.937
68.05,-19.8763,-79.7652
68.05,-19.8763,-79.7652
72.9863,-11.7128,-89.9915
71.047,-3.37187,-96.6386
62.9375,4.43667,-96.9795
54.6516,9.58321,-93.0594
50.9494,10.1156,-92.8889
54.299,2.83947,-91.0141
54.299,2.83947,-91.0141
59.7641,-7.27614,-90.1619
61.7034,-16.6819,-77.7199
60.4693,-17.9241,-71.4137
53.4175,-15.7945,-69.0276
44.9553,-3.7268,-75.1633
44.9553,-3.7268,-75.1633
42.1346,-0.5324,-73.7998
46.542,-9.22828,-69.5389
47.0709,-7.98601,-62.5509
43.7213,-4.96907,-65.1075
43.7213,-4.96907,-65.1075
40.7242,-1.95213,-66.3005
42.6635,-5.324,-65.1075
43.3687,-6.3888,-56.9264
43.1924,-5.14654,-54.3699
43.3687,-0.709867,-47.041
43.3687,-0.709867,-47.041
43.545,-0.177467,-45.1662
43.0161,6.03387,-42.9505
46.8946,12.0677,-35.7921
56.9434,15.0847,-27.4406
61.1745,6.9212,-27.4406
61.1745,6.9212,-27.4406
65.2293,-7.80854,-34.4286
59.7641,-15.4396,-46.8706
56.9434,-15.7945,-52.6655
54.8279,-16.8593,-51.9837
57.6486,-15.7945,-50.9611
57.6486,-14.0199,-44.8253
57.6486,-14.0199,-44.8253
59.4115,-9.40574,-39.0304
56.2382,-4.7916,-36.3034
50.2442,-0.5324,-37.6669
46.7183,5.8564,-39.7122
43.3687,14.1973,-42.9505
43.3687,14.1973,-42.9505
42.4872,18.634,-43.1209
39.1376,23.4256,-44.6549
37.1983,24.313,-45.1662
37.5509,22.8932,-45.8479
37.9035,14.3748,-49.9385
37.9035,14.3748,-49.9385
36.4931,6.56627,-56.4151
38.2561,4.08174,-60.8465
39.3139,2.30707,-59.483
40.9005,-0.709867,-60.6761
41.6057,-4.2592,-62.0396
41.6057,-4.2592,-62.0396
46.0131,-6.56627,-55.7334
50.4205,-9.93814,-50.7906
57.8249,-12.0677,-41.587
65.2293,-4.61414,-33.7468
60.4693,4.7916,-30.5085
53.9464,6.3888,-32.7242
53.9464,6.3888,-32.7242
44.4264,6.3888,-43.6322
39.1376,4.2592,-55.5629
41.4294,-0.887334,-65.9597
42.4872,3.7268,-79.5947
38.4324,9.22828,-74.9929
38.4324,9.22828,-74.9929
34.3776,14.3748,-63.5735
37.1983,17.2143,-54.7107
36.1406,13.6649,-51.9837
39.6665,5.50147,-49.9385
44.9553,-5.50147,-59.1421
44.9553,-5.50147,-59.1421
54.8279,-14.7297,-73.1181
67.1685,-19.3439,-80.9582
78.804,-22.8932,-72.7772
73.6915,-24.8454,-59.9943
58.3538,-14.3748,-46.8706
58.3538,-14.3748,-46.8706
52.3597,-11.1804,-45.1662
49.3627,-5.67894,-43.9731
48.3049,-10.648,-50.7906
45.6605,-9.05081,-64.2553
46.1894,-8.16347,-69.198
42.1346,-2.30707,-70.0502
42.1346,-2.30707,-70.0502
40.9005,2.1296,-75.3338
41.2531,1.77467,-74.652
39.8428,1.77467,-69.198
39.4902,0.709867,-61.6987
42.8398,-1.24227,-52.3246
42.8398,-1.24227,-52.3246
45.8368,2.48454,-44.314
49.0101,6.3888,-35.4512
49.539,13.6649,-33.5764
40.5479,15.972,-42.9505
40.5479,15.972,-42.9505
37.3746,8.51841,-55.222
35.9643,15.972,-55.9038
36.1406,24.6679,-55.0516
38.4324,23.7806,-50.7906
39.8428,18.4565,-47.3819
39.8428,18.4565,-47.3819
40.1953,7.80854,-46.0184
38.4324,6.03387,-52.1542
38.2561,5.8564,-67.3232
50.9494,-5.50147,-84.0261
56.0619,-14.5523,-78.4017
56.0619,-14.5523,-78.4017
52.7123,-16.5044,-67.664
49.539,-14.7297,-64.937
56.2382,-14.7297,-80.6174
74.9255,-14.3748,-88.1167
90.6158,-9.22828,-91.0141
105.601,0.887334,-90.8437
105.601,0.887334,-90.8437
113.005,12.9551,-89.1393
109.479,21.8284,-92.5481
94.4943,36.9131,-97.8316
72.2811,42.947,-93.0594
66.9922,37.623,-94.4229
66.9922,37.623,-94.4229
67.6974,27.3299,-100.9
56.0619,13.8424,-96.4681
40.3716,3.37187,-78.2312
35.9643,5.67894,-60.6761
43.1924,9.40574,-44.1435
43.1924,9.40574,-44.1435
50.9494,7.98601,-34.599
66.1108,3.7268,-27.0997
70.1656,-4.61414,-33.0651
62.056,-17.7467,-51.1315
52.1834,-14.5523,-70.9024
52.1834,-14.5523,-70.9024
53.5938,-13.1325,-78.0608
53.2412,-14.9072,-71.2433
56.7671,-15.6171,-54.8812
53.5938,-7.80854,-43.6322
42.3109,1.77467,-44.6549
37.7272,7.80854,-48.0636
37.7272,7.80854,-48.0636
44.9553,1.95213,-43.1209
47.7761,-6.56627,-49.2567
47.9523,-9.58321,-54.5403
52.1834,-12.4227,-53.1768
64.3478,-16.5044,-44.4844
64.3478,-16.5044,-44.4844
73.8678,-12.9551,-39.0304
89.5581,-2.83947,-30.338
85.8559,20.0537,-23.3501
64.1715,36.5582,-29.6563
40.5479,45.4315,-63.0622
40.5479,45.4315,-63.0622
65.9345,53.595,-84.8783
82.1537,59.6288,-73.6294
83.2114,62.1134,-52.495
76.5122,58.2091,-42.2687
66.1108,47.0287,-31.5311
66.1108,47.0287,-31.5311
46.8946,32.299,-36.4738
36.3169,17.3917,-56.5856
38.9613,14.0199,-75.1633
44.4264,15.6171,-87.2645
53.4175,14.0199,-94.5933
52.1834,7.80854,-92.0367
52.1834,7.80854,-92.0367
58.5301,-6.03387,-88.628
58.1775,-18.1016,-66.1301
55.0042,-13.1325,-49.768
56.4145,-4.61414,-37.4964
62.2323,-11.5353,-40.7348
62.2323,-11.5353,-40.7348
56.4145,-14.1973,-49.0863
58.7064,-18.634,-56.0742
63.4663,-18.4565,-47.7228
72.2811,-10.648,-38.5191
72.2811,-10.648,-38.5191
68.2263,-1.24227,-29.145
50.7731,6.03387,-36.1329
37.5509,26.7975,-56.4151
37.5509,28.9271,-69.3684
37.3746,26.2651,-54.1994
37.3746,26.2651,-54.1994
46.1894,33.3638,-43.2914
58.1775,44.0118,-36.4738
78.4515,52.7076,-34.2581
94.8469,45.4315,-30.6789
96.2573,29.8144,-24.5431
96.2573,29.8144,-24.5431
86.2084,-2.662,-30.1676
64.7004,-14.0199,-42.78
55.1805,-15.4396,-55.7334
52.0071,-13.31,-56.4151
60.6456,-10.2931,-38.5191
65.5819,4.61414,-25.9066
65.5819,4.61414,-25.9066
63.6426,28.2172,-24.0318
49.8916,33.5412,-30.5085
38.0798,20.5861,-49.0863
38.0798,19.1664,-71.925
46.0131,19.3439,-87.7758
46.0131,19.3439,-87.7758
54.6516,25.5552,-95.7864
57.296,35.3159,-92.2072
62.056,49.3358,-83.1739
62.7612,57.8542,-66.8119
74.7493,62.8232,-56.9264
74.7493,62.8232,-56.9264
79.6855,62.4683,-67.4936
66.1108,57.3218,-76.5268
48.6575,43.3019,-79.4243
37.3746,26.62,-67.8345
37.022,18.4565,-52.8359
43.0161,11.0029,-41.587
43.0161,11.0029,-41.587
46.542,6.74374,-40.9052
47.0709,0.177467,-42.4392
52.8886,-4.2592,-43.2914
62.4086,-4.2592,-34.0877
73.6915,1.41973,-27.9519
73.6915,1.41973,-27.9519
88.324,25.0228,-21.9866
87.4425,41.1723,-26.5884
76.6885,52.7076,-35.2807
63.4663,47.5611,-37.1556
37.5509,30.7018,-46.1888
37.5509,30.7018,-46.1888
39.4902,37.268,-64.4257
47.4235,50.933,-63.5735
51.8308,52.5302,-56.9264
56.4145,51.4654,-44.314
56.0619,42.947,-34.4286
56.0619,42.947,-34.4286
52.1834,27.3299,-30.6789
43.545,16.5044,-38.6895
38.2561,10.4705,-56.0742
40.5479,0.354934,-68.1754
44.2501,-5.8564,-60.8465
48.3049,-5.67894,-46.0184
48.3049,-5.67894,-46.0184
59.4115,-3.7268,-33.5764
74.2204,-1.95213,-29.8267
82.8588,4.61414,-24.884
88.1477,22.3608,-23.8614
88.1477,22.3608,-23.8614
84.7981,32.8314,-23.6909
77.3937,42.4146,-25.3953
62.7612,37.623,-30.6789
49.1864,23.958,-34.2581
34.5539,23.0707,-58.9717
34.5539,23.0707,-58.9717
39.4902,38.6878,-68.8571
50.7731,51.1104,-65.7892
56.5908,55.902,-57.0969
54.8279,49.5132,-43.8027
44.779,37.268,-41.2461
44.779,37.268,-41.2461
40.3716,28.9271,-45.8479
35.0828,15.4396,-59.483
49.7153,-2.1296,-81.8104
56.9434,-13.31,-81.64
61.1745,-19.3439,-68.3458
61.1745,-19.3439,-68.3458
59.9404,-19.5213,-56.9264
50.7731,-10.2931,-48.7454
48.3049,-4.2592,-49.0863
46.1894,-2.83947,-55.9038
45.8368,-7.45361,-68.5162
55.7093,-8.51841,-82.4922
55.7093,-8.51841,-82.4922
64.1715,-4.96907,-93.0594
66.4634,1.95213,-99.3656
67.1685,15.4396,-101.752
63.4663,28.3947,-98.1725
55.7093,44.3667,-85.2192
55.7093,44.3667,-85.2192
53.4175,50.933,-71.7546
47.9523,48.271,-68.1754
46.0131,43.4794,-72.7772
41.782,29.9919,-78.2312
43.1924,7.27614,-77.5495
43.1924,7.27614,-77.5495
43.3687,-4.2592,-63.744
41.782,3.01694,-46.1888
45.6605,2.30707,-41.7574
43.1924,-5.50147,-60.5056
35.4354,15.7945,-63.2326
35.4354,15.7945,-63.2326
37.3746,33.3638,-52.495
40.3716,33.8962,-45.5071
41.4294,33.1863,-49.9385
36.8457,32.1215,-60.5056
34.5539,17.7467,-62.7213
37.7272,9.22828,-53.1768
37.7272,9.22828,-53.1768
41.4294,7.63107,-49.5976
44.6027,6.56627,-40.053
56.9434,1.24227,-34.2581
63.8189,0.354934,-29.6563
78.0989,9.76068,-23.0092
78.0989,9.76068,-23.0092
93.9654,34.2511,-25.7362
83.0351,51.2879,-36.9851
49.7153,40.4624,-37.8373
41.0768,41.7047,-71.7546
48.4812,52.3527,-63.2326
48.4812,52.3527,-63.2326
46.8946,43.6568,-43.6322
48.8338,33.5412,-34.2581
47.5998,18.8115,-33.4059
42.3109,5.67894,-47.041
42.4872,0.5324,-70.3911
42.4872,0.5324,-70.3911
55.5331,-8.69587,-85.0488
59.059,-14.0199,-79.2539
54.6516,-14.1973,-61.3578
48.3049,-12.4227,-54.5403
44.9553,-5.14654,-56.0742
44.9553,-5.14654,-56.0742
43.1924,-5.50147,-64.5962
48.8338,-5.8564,-77.8903
61.5271,-2.30707,-92.5481
69.2841,7.98601,-100.047
76.3359,22.5383,-102.433
76.3359,22.5383,-102.433
82.6825,34.2511,-98.343
90.6158,49.6907,-86.9236
97.8439,58.7415,-69.0276
99.2543,59.0964,-59.8239
99.6069,58.7415,-67.3232
99.6069,58.7415,-67.3232
83.3877,55.1922,-83.3444
61.7034,45.4315,-86.5827
41.9583,34.7835,-78.0608
39.1376,28.7496,-51.4724
37.022,19.8763,-54.1994
37.022,19.8763,-54.1994
35.6117,17.3917,-66.1301
35.4354,18.2791,-62.21
36.6694,24.8454,-64.0848
36.6694,25.9102,-57.6082
41.2531,31.2342,-51.4724
41.2531,31.2342,-51.4724
56.7671,35.4934,-30.6789
69.4604,42.947,-29.9972
72.6337,40.8174,-28.6337
85.5033,41.7047,-28.4632
87.6188,43.4794,-29.8267
85.327,37.268,-25.2249
85.327,37.268,-25.2249
78.2752,26.2651,-23.5205
96.081,18.9889,-26.0771
94.6706,12.6001,-25.3953
77.2174,1.77467,-26.9293
69.4604,5.324,-27.611
69.4604,5.324,-27.611
60.8219,9.05081,-27.0997
59.4115,8.34094,-27.0997
60.4693,9.40574,-28.1223
59.5878,9.93814,-27.2701
59.059,9.76068,-27.7815
59.059,9.76068,-27.7815
61.1745,10.4705,-27.0997
60.4693,9.76068,-27.7815
60.4693,9.76068,-27.7815
60.9982,10.648,-27.2701
60.6456,10.648,-27.2701
60.6456,10.648,-27.2701
62.056,9.93814,-26.9293
60.6456,10.648,-25.9066
60.4693,11.5353,-26.418
60.8219,10.4705,-25.7362
59.7641,10.8255,-27.4406
60.9982,10.2931,-26.2475
60.9982,10.2931,-26.2475
61.3508,9.93814,-26.2475
61.5271,9.40574,-26.0771
61.8797,10.4705,-27.0997
59.9404,9.22828,-28.2928
60.293,11.0029,-26.2475
60.293,11.0029,-26.2475
61.5271,11.5353,-27.4406
60.1167,11.1804,-27.0997
60.293,9.58321,-25.9066
61.1745,10.8255,-26.7588
60.6456,11.0029,-27.2701
60.6456,11.0029,-27.2701
59.9404,9.58321,-26.2475
58.3538,10.4705,-26.418
59.9404,11.0029,-27.2701
61.1745,11.1804,-26.7588
62.4086,10.2931,-26.9293
62.4086,10.2931,-26.9293
61.1745,10.4705,-25.7362
59.9404,11.0029,-26.2475
60.9982,9.58321,-26.9293
61.5271,9.76068,-26.0771
59.9404,9.93814,-25.9066
59.9404,9.93814,-25.9066
60.8219,9.40574,-27.7815
61.7034,11.3579,-26.5884
60.6456,10.648,-27.611
62.4086,10.2931,-27.2701
61.3508,11.3579,-27.2701
61.3508,11.3579,-27.2701
61.5271,10.8255,-26.7588
60.8219,10.4705,-27.0997
61.1745,10.4705,-25.3953
60.1167,10.4705,-26.418
59.7641,9.40574,-26.0771
59.7641,9.40574,-26.0771
60.6456,9.93814,-26.2475
62.5849,10.1156,-27.0997
61.1745,10.8255,-26.7588
60.9982,9.93814,-26.9293
60.293,10.2931,-26.5884
60.293,10.2931,-26.5884
60.1167,9.76068,-26.0771
61.7034,11.0029,-28.6337
60.293,11.0029,-25.9066
60.8219,10.4705,-26.7588
61.5271,10.1156,-26.418
61.5271,10.1156,-26.418
61.7034,10.2931,-27.2701
60.9982,8.51841,-26.5884
61.3508,10.648,-26.2475
60.6456,9.58321,-26.5884
59.4115,10.1156,-28.1223
59.4115,10.1156,-28.1223
59.4115,10.1156,-28.1223
59.9404,9.22828,-27.611
61.1745,10.1156,-28.4632
61.3508,11.3579,-27.2701
61.1745,11.8903,-28.1223
